[
    {
      "userType": "a",
      "firstName": "abc",
      "lastName": "cbcb",
      "attUid": "pr515u",
      "title": "jfgjsdcbhjf",
      "email": "p@gmail.com",
      "tel": 588,
      "header":"" 
    },
    {
        "userType": "a",
        "firstName": "abc",
        "lastName": "cbcb",
        "attUid": "pr515u",
        "title": "jfgjsdcbhjf",
        "email": "p@gmail.com",
        "tel": 588,
        "header":"" 
      },
      {
        "userType": "a",
        "firstName": "abc",
        "lastName": "cbcb",
        "attUid": "pr515u",
        "title": "jfgjsdcbhjf",
        "email": "p@gmail.com",
        "tel": 588,
        "header":"" 
      }
  ]
  