[
    {
      "assign": "assign",
      "firstName": "abc",
      "lastName": "cbcb",
      "attUid": "pr515u",
      "title": "jfgjsdcbhjf",
      "email": "p@gmail.com",
      "tel": 586
    },
    {
      "assign": "assign",
      "firstName": "abc",
      "lastName": "cbcb",  
      "attUid": "pr515u",
      "title": "jfgjsdcbhjf",
      "email": "p@gmail.com",
      "tel": 588
    },
    {
      "assign": "assign",
      "firstName": "abc",
      "lastName": "cbcb",
      "attUid": "pr515u",
      "title": "jfgjsdcbhjf",
      "email": "p@gmail.com",
      "tel": 588
    }
        
  ]
  